n,compute_time,obj_value,n_iters,is_SA,is_infeasible,status,seed
7,10.314716659,5.817375821091371,-1,false,false,OPTIMAL,1031
7,4.146865443,6.86118707830477,-1,false,false,OPTIMAL,1032
7,3.61324342,4.23229813754905,-1,false,false,OPTIMAL,1033
7,4.517362919,8.906479157987592,-1,false,false,OPTIMAL,1034
7,4.705077382,5.512747469984827,-1,false,false,OPTIMAL,1035
7,4.642277449,11.13674243739569,-1,false,false,OPTIMAL,1036
7,2.940419665,6.403404038573985,-1,false,false,OPTIMAL,1037
7,2.60877709,5.02197343499449,-1,false,false,OPTIMAL,1038
9,3.500126654,6.82722538622861,-1,false,false,OPTIMAL,1033
9,4.35302066,14.935146565512678,-1,false,false,OPTIMAL,1034
9,19.263088674,7.062068813671372,-1,false,false,OPTIMAL,1035
9,25.912290827,10.38759811968635,-1,false,false,OPTIMAL,1037
9,9.022613992,9.119889360513195,-1,false,false,OPTIMAL,1039
9,4.689675197,5.450453495575603,-1,false,false,OPTIMAL,1036
9,6.431282159,6.581635308985811,-1,false,false,OPTIMAL,1038
11,30.880896609,10.100611537198754,-1,false,false,OPTIMAL,1035
11,6.324472504,10.739103547839342,-1,false,false,OPTIMAL,1036
11,68.747799921,13.488227103328077,-1,false,false,OPTIMAL,1037
11,139.87687396,9.910338834352979,-1,false,false,OPTIMAL,1038
11,15.59672604,11.575682278024319,-1,false,false,OPTIMAL,1039
11,15.362921045,9.20944053990718,-1,false,false,OPTIMAL,1040
11,21.165765909,11.35592457732418,-1,false,false,OPTIMAL,1041
13,600.165398404,15.6410161063842,-1,false,false,TIME_LIMIT,1037
13,49.251776423,11.366256830168666,-1,false,false,OPTIMAL,1038
13,42.04126102,11.299104812705643,-1,false,false,OPTIMAL,1039
13,147.118107229,12.145890191886869,-1,false,false,OPTIMAL,1040
13,381.991025797,11.546451941093693,-1,false,false,OPTIMAL,1041
13,293.870542846,16.87517250509693,-1,false,false,OPTIMAL,1042
13,500.223793608,17.01534830766041,-1,false,false,OPTIMAL,1043
15,599.99396046,14.55981145771392,-1,false,false,TIME_LIMIT,1039
15,600.06155348,17.010912684821395,-1,false,false,TIME_LIMIT,1040
15,14.592206122,11.808478261405245,-1,false,false,OPTIMAL,1041
15,600.044588237,9.647567875672243,-1,false,false,TIME_LIMIT,1042
15,600.055993337,9.694655451734317,-1,false,false,TIME_LIMIT,1043
15,600.051598805,13.01921783798261,-1,false,false,TIME_LIMIT,1044
15,600.052730181,15.222777643293096,-1,false,false,TIME_LIMIT,1045
17,600.068618199,8.515069281932478,-1,false,false,TIME_LIMIT,1041
17,600.050500724,20.479034368578354,-1,false,false,TIME_LIMIT,1042
17,600.03987102,15.42742746602104,-1,false,false,TIME_LIMIT,1043
17,600.053274602,15.667435318169298,-1,false,false,TIME_LIMIT,1044
17,599.997115871,20.410757972976917,-1,false,false,TIME_LIMIT,1045
17,599.99826448,18.3008260917911,-1,false,false,TIME_LIMIT,1046
17,599.996282897,13.604675628289124,-1,false,false,TIME_LIMIT,1047
7,22.989973771,6.090813341628041,50,true,false,NORMAL_TERMINATE,1031
7,3.739571838,6.348115272834172,50,true,false,NORMAL_TERMINATE,1031
7,8.356089637,7.109385478550699,50,true,false,NORMAL_TERMINATE,1032
7,8.360312107,7.075772997106014,50,true,false,NORMAL_TERMINATE,1032
7,5.968661717,4.549370956904468,50,true,false,NORMAL_TERMINATE,1033
7,4.323946171,4.701310272522334,50,true,false,NORMAL_TERMINATE,1033
7,4.649202912,8.90647964765005,50,true,false,NORMAL_TERMINATE,1034
7,6.691538008,8.906479664429188,50,true,false,NORMAL_TERMINATE,1034
7,4.501606187,5.8348639181344275,50,true,false,NORMAL_TERMINATE,1035
7,4.621448626,5.91851285992744,50,true,false,NORMAL_TERMINATE,1035
7,6.815892127,11.13674376947225,50,true,false,NORMAL_TERMINATE,1036
7,6.630230053,11.136742809695246,50,true,false,NORMAL_TERMINATE,1036
7,4.630740033,6.403404005163448,50,true,false,NORMAL_TERMINATE,1037
7,4.457390072,7.053990312757451,50,true,false,NORMAL_TERMINATE,1037
7,9.414802522,6.132230863785528,50,true,false,NORMAL_TERMINATE,1031
7,6.035997277,6.047936023680625,50,true,false,NORMAL_TERMINATE,1031
7,5.47454918,5.8173722446340985,50,true,false,NORMAL_TERMINATE,1031
7,7.440877432,5.817373468703652,50,true,false,NORMAL_TERMINATE,1031
7,3.731847647,5.817381077654028,50,true,false,NORMAL_TERMINATE,1031
7,3.739470339,6.008121122551401,50,true,false,NORMAL_TERMINATE,1031
7,4.024407557,5.83963316841664,50,true,false,NORMAL_TERMINATE,1031
7,3.932150018,6.469784294677694,50,true,false,NORMAL_TERMINATE,1031
7,3.751493688,7.3459315001457055,50,true,false,NORMAL_TERMINATE,1032
7,4.079738353,7.212574375834565,50,true,false,NORMAL_TERMINATE,1032
7,3.829676462,7.359415985839374,50,true,false,NORMAL_TERMINATE,1032
7,7.632086701,7.106901154259557,50,true,false,NORMAL_TERMINATE,1032
7,5.727484579,7.108070514798574,50,true,false,NORMAL_TERMINATE,1032
7,3.852049299,7.0168682672966725,50,true,false,NORMAL_TERMINATE,1032
7,3.729447364,6.921075178278306,50,true,false,NORMAL_TERMINATE,1032
7,4.316605387,6.943887439542277,50,true,false,NORMAL_TERMINATE,1032
7,3.821288045,4.695214168054159,50,true,false,NORMAL_TERMINATE,1033
7,4.329243876,4.237880709074663,50,true,false,NORMAL_TERMINATE,1033
7,3.777527938,4.550451753033306,50,true,false,NORMAL_TERMINATE,1033
7,5.823066169,4.329797728316849,50,true,false,NORMAL_TERMINATE,1033
7,3.991575692,4.766859065945287,50,true,false,NORMAL_TERMINATE,1033
7,6.144796484,5.451141950648956,50,true,false,NORMAL_TERMINATE,1033
7,3.806797125,4.326924848777229,50,true,false,NORMAL_TERMINATE,1033
7,3.841353871,5.41223834486234,50,true,false,NORMAL_TERMINATE,1033
7,3.777341628,8.906479745107472,50,true,false,NORMAL_TERMINATE,1034
7,3.876644147,8.906479750337844,50,true,false,NORMAL_TERMINATE,1034
7,5.796372386,8.906479495117054,50,true,false,NORMAL_TERMINATE,1034
7,3.91401618,8.906479717424864,50,true,false,NORMAL_TERMINATE,1034
7,5.814915967,8.906479379554565,50,true,false,NORMAL_TERMINATE,1034
7,8.37829667,8.906480433773236,50,true,false,NORMAL_TERMINATE,1034
7,3.669849194,8.906479495117054,50,true,false,NORMAL_TERMINATE,1034
7,4.217307024,8.906480405783403,50,true,false,NORMAL_TERMINATE,1034
7,3.817628008,5.667020258669385,50,true,false,NORMAL_TERMINATE,1035
7,11.217407915,5.528987349341383,50,true,false,NORMAL_TERMINATE,1035
7,5.708706368,5.717760953597777,50,true,false,NORMAL_TERMINATE,1035
7,1.802353658,5.931751225125442,50,true,false,NORMAL_TERMINATE,1035
7,5.774790066,5.610441731406224,50,true,false,NORMAL_TERMINATE,1035
7,5.453111797,5.699805399762638,50,true,false,NORMAL_TERMINATE,1035
7,3.756055192,5.518661789868028,50,true,false,NORMAL_TERMINATE,1035
7,3.825820411,5.721249466886622,50,true,false,NORMAL_TERMINATE,1035
7,3.926838493,11.136744021147718,50,true,false,NORMAL_TERMINATE,1036
7,5.564542676,11.136743089492011,50,true,false,NORMAL_TERMINATE,1036
7,4.095384861,11.136744700757665,50,true,false,NORMAL_TERMINATE,1036
7,5.719764064,11.136742884457453,50,true,false,NORMAL_TERMINATE,1036
7,7.415091872,11.136743052271004,50,true,false,NORMAL_TERMINATE,1036
7,3.502791602,11.136745591561269,50,true,false,NORMAL_TERMINATE,1036
7,6.883257061,11.136742884457453,50,true,false,NORMAL_TERMINATE,1036
7,5.709416851,11.136742884457453,50,true,false,NORMAL_TERMINATE,1036
7,3.919922001,6.4097252054599085,50,true,false,NORMAL_TERMINATE,1037
7,5.911115379,6.403403807451484,50,true,false,NORMAL_TERMINATE,1037
7,6.010884695,6.779087160328546,50,true,false,NORMAL_TERMINATE,1037
7,3.685666527,6.528871775181637,50,true,false,NORMAL_TERMINATE,1037
7,4.185482222,6.774680770332985,50,true,false,NORMAL_TERMINATE,1037
7,7.878148055,6.784935934248837,50,true,false,NORMAL_TERMINATE,1037
7,5.991133278,6.447177500782267,50,true,false,NORMAL_TERMINATE,1037
7,4.065738938,6.4800266956998875,50,true,false,NORMAL_TERMINATE,1037
9,5.473707534,6.827233317933846,50,true,false,NORMAL_TERMINATE,1033
9,6.742443079,6.836930266492104,50,true,false,NORMAL_TERMINATE,1033
9,4.695232063,6.827228817178641,50,true,false,NORMAL_TERMINATE,1033
9,4.746245898,7.416216036649738,50,true,false,NORMAL_TERMINATE,1033
9,7.108925241,6.827225352268449,50,true,false,NORMAL_TERMINATE,1033
9,6.976796752,6.900057433309703,50,true,false,NORMAL_TERMINATE,1033
9,4.490936479,6.891262022757649,50,true,false,NORMAL_TERMINATE,1033
9,9.360381835,6.889761342593875,50,true,false,NORMAL_TERMINATE,1033
9,4.651071604,6.827234403888738,50,true,false,NORMAL_TERMINATE,1033
9,12.797209401,6.827224840109374,50,true,false,NORMAL_TERMINATE,1033
9,4.361932273,14.935147335002348,50,true,false,NORMAL_TERMINATE,1034
9,6.218596193,14.935147351772127,50,true,false,NORMAL_TERMINATE,1034
9,6.402984803,14.935147238716546,50,true,false,NORMAL_TERMINATE,1034
9,10.727167714,14.935146812146769,50,true,false,NORMAL_TERMINATE,1034
9,6.513278568,14.935147016344366,50,true,false,NORMAL_TERMINATE,1034
9,6.615510028,14.935147099014769,50,true,false,NORMAL_TERMINATE,1034
9,8.311611086,14.935147299830074,50,true,false,NORMAL_TERMINATE,1034
9,6.437289786,14.935146897591439,50,true,false,NORMAL_TERMINATE,1034
9,6.596855415,14.935147160285386,50,true,false,NORMAL_TERMINATE,1034
9,6.645612618,14.935147140942174,50,true,false,NORMAL_TERMINATE,1034
9,4.596622104,8.730537431196352,50,true,false,NORMAL_TERMINATE,1035
9,4.031872813,8.030115492544017,50,true,false,NORMAL_TERMINATE,1035
9,6.678611791,7.875592145579143,50,true,false,NORMAL_TERMINATE,1035
9,4.45978206,8.36133025999176,50,true,false,NORMAL_TERMINATE,1035
9,6.424266803,8.696798465359878,50,true,false,NORMAL_TERMINATE,1035
9,6.734858323,8.724004763216392,50,true,false,NORMAL_TERMINATE,1035
9,9.016884788,8.603300702513476,50,true,false,NORMAL_TERMINATE,1035
9,6.970599747,7.219962879608889,50,true,false,NORMAL_TERMINATE,1035
9,4.452367356,7.444493918174977,50,true,false,NORMAL_TERMINATE,1035
9,6.629355475,7.840233901649716,50,true,false,NORMAL_TERMINATE,1035
9,8.611103817,6.353632688147666,50,true,false,NORMAL_TERMINATE,1036
9,4.280485127,6.566253045732691,50,true,false,NORMAL_TERMINATE,1036
9,4.445781004,7.343489883939246,50,true,false,NORMAL_TERMINATE,1036
9,10.905484614,6.3488305364625335,50,true,false,NORMAL_TERMINATE,1036
9,6.604005853,6.067685307543721,50,true,false,NORMAL_TERMINATE,1036
9,6.538019393,6.403720543601307,50,true,false,NORMAL_TERMINATE,1036
9,4.507532288,7.1722637523278605,50,true,false,NORMAL_TERMINATE,1036
9,4.517203336,5.853915177104515,50,true,false,NORMAL_TERMINATE,1036
9,4.366856521,6.693573318146272,50,true,false,NORMAL_TERMINATE,1036
9,6.342146196,5.781565318861707,50,true,false,NORMAL_TERMINATE,1036
9,6.59738263,11.56400277807628,50,true,false,NORMAL_TERMINATE,1037
9,8.96344635,10.500614459995003,50,true,false,NORMAL_TERMINATE,1037
9,6.928149876,10.601379762078494,50,true,false,NORMAL_TERMINATE,1037
9,6.83377835,10.387599791954504,50,true,false,NORMAL_TERMINATE,1037
9,4.449083408,10.518512137682919,50,true,false,NORMAL_TERMINATE,1037
9,6.791733462,10.601379282971276,50,true,false,NORMAL_TERMINATE,1037
9,9.05638487,10.387599356877919,50,true,false,NORMAL_TERMINATE,1037
9,6.817050505,10.56509547385095,50,true,false,NORMAL_TERMINATE,1037
9,6.93316591,10.482311612132275,50,true,false,NORMAL_TERMINATE,1037
9,9.419941895,10.387598484806883,50,true,false,NORMAL_TERMINATE,1037
9,8.57036827,6.581635149748345,50,true,false,NORMAL_TERMINATE,1038
9,6.172122976,6.728558281032706,50,true,false,NORMAL_TERMINATE,1038
9,4.706709851,6.581634980943463,50,true,false,NORMAL_TERMINATE,1038
9,4.550186618,6.581640859149049,50,true,false,NORMAL_TERMINATE,1038
9,4.14057747,6.581635656912024,50,true,false,NORMAL_TERMINATE,1038
9,4.025169703,7.357013638874336,50,true,false,NORMAL_TERMINATE,1038
9,11.193472975,6.735994875235835,50,true,false,NORMAL_TERMINATE,1038
9,4.400761142,6.582073448620228,50,true,false,NORMAL_TERMINATE,1038
9,6.717355144,7.640436756056648,50,true,false,NORMAL_TERMINATE,1038
9,4.333382315,6.64300312762237,50,true,false,NORMAL_TERMINATE,1038
9,6.673148479,9.119890261777847,50,true,false,NORMAL_TERMINATE,1039
9,9.150117615,9.119890250887188,50,true,false,NORMAL_TERMINATE,1039
9,4.663008371,9.154332418492197,50,true,false,NORMAL_TERMINATE,1039
9,6.817461634,9.119892191307706,50,true,false,NORMAL_TERMINATE,1039
9,6.547706679,9.119892511641151,50,true,false,NORMAL_TERMINATE,1039
9,13.319322292,9.12040683192129,50,true,false,NORMAL_TERMINATE,1039
9,19.554355985,9.161116068030266,50,true,false,NORMAL_TERMINATE,1039
9,22.565629552,9.119890088228548,50,true,false,NORMAL_TERMINATE,1039
9,10.802649239,9.119893198623444,50,true,false,NORMAL_TERMINATE,1039
9,11.437053588,9.160327689843333,50,true,false,NORMAL_TERMINATE,1039
11,52.032461477,10.100611743980739,50,true,false,NORMAL_TERMINATE,1035
11,26.904000281,10.966692559809996,50,true,false,NORMAL_TERMINATE,1035
11,27.267040582,11.316662166074575,50,true,false,NORMAL_TERMINATE,1035
11,27.664364414,10.896234173922862,50,true,false,NORMAL_TERMINATE,1035
11,17.389491457,10.129706136547242,50,true,false,NORMAL_TERMINATE,1035
11,18.258747426,10.592525388020086,50,true,false,NORMAL_TERMINATE,1035
11,55.303748238,10.873942497972369,50,true,false,NORMAL_TERMINATE,1035
11,36.715001955,10.1552843303337,50,true,false,NORMAL_TERMINATE,1035
11,18.148177892,10.924665657309912,50,true,false,NORMAL_TERMINATE,1035
11,17.991055743,10.842446250063114,50,true,false,NORMAL_TERMINATE,1035
11,18.698479387,10.739103665593987,50,true,false,NORMAL_TERMINATE,1036
11,35.857665401,10.739103997780504,50,true,false,NORMAL_TERMINATE,1036
11,17.875501722,10.739103563859356,50,true,false,NORMAL_TERMINATE,1036
11,26.872658131,10.739104075242395,50,true,false,NORMAL_TERMINATE,1036
11,32.854513627,11.275953667929704,50,true,false,NORMAL_TERMINATE,1036
11,18.244459364,12.307507900284769,50,true,false,NORMAL_TERMINATE,1036
11,27.772068065,10.739103269745419,50,true,false,NORMAL_TERMINATE,1036
11,19.086286067,10.73910602035891,50,true,false,NORMAL_TERMINATE,1036
11,29.20262079,10.73910259037669,50,true,false,NORMAL_TERMINATE,1036
11,35.275936084,11.305002081278271,50,true,false,NORMAL_TERMINATE,1036
11,17.833095349,13.488228010029573,50,true,false,NORMAL_TERMINATE,1037
11,18.727944658,13.488227766258024,50,true,false,NORMAL_TERMINATE,1037
11,17.557344276,13.488229626099727,50,true,false,NORMAL_TERMINATE,1037
11,27.046785352,13.488227445274308,50,true,false,NORMAL_TERMINATE,1037
11,27.382952318,13.488228636665824,50,true,false,NORMAL_TERMINATE,1037
11,18.338330949,13.488227992642543,50,true,false,NORMAL_TERMINATE,1037
11,27.363566306,13.488230589460924,50,true,false,NORMAL_TERMINATE,1037
11,19.496520568,13.488228337587302,50,true,false,NORMAL_TERMINATE,1037
11,18.154535047,13.488227815347848,50,true,false,NORMAL_TERMINATE,1037
11,23.083496149,13.48822806882621,50,true,false,NORMAL_TERMINATE,1037
11,16.686948862,10.11102431395323,50,true,false,NORMAL_TERMINATE,1038
11,9.248038721,10.204300906902187,50,true,false,NORMAL_TERMINATE,1038
11,17.555644283,10.515414411553426,50,true,false,NORMAL_TERMINATE,1038
11,27.880174731,9.969642275258746,50,true,false,NORMAL_TERMINATE,1038
11,6.900608017,9.943581648169964,50,true,false,NORMAL_TERMINATE,1038
11,10.136728954,10.032594017950194,50,true,false,NORMAL_TERMINATE,1038
11,10.938233434,10.176170396154998,50,true,false,NORMAL_TERMINATE,1038
11,14.503446399,10.054705289007543,50,true,false,NORMAL_TERMINATE,1038
11,11.278598546,10.22747464917034,50,true,false,NORMAL_TERMINATE,1038
11,19.926693734,10.126579217215113,50,true,false,NORMAL_TERMINATE,1038
11,13.517624992,12.151399772327373,50,true,false,NORMAL_TERMINATE,1039
11,14.149721602,11.600615547542965,50,true,false,NORMAL_TERMINATE,1039
11,16.601530501,11.600618051287771,50,true,false,NORMAL_TERMINATE,1039
11,19.104314961,11.575687175384914,50,true,false,NORMAL_TERMINATE,1039
11,29.864653146,12.420495762036358,50,true,false,NORMAL_TERMINATE,1039
11,16.734052354,12.253999887342115,50,true,false,NORMAL_TERMINATE,1039
11,17.150407358,13.621971415587902,50,true,false,NORMAL_TERMINATE,1039
11,15.973898483,11.575683800425832,50,true,false,NORMAL_TERMINATE,1039
11,16.114465492,11.925316780661468,50,true,false,NORMAL_TERMINATE,1039
11,17.559223,11.600621845085954,50,true,false,NORMAL_TERMINATE,1039
11,23.295739241,9.20944234214955,50,true,false,NORMAL_TERMINATE,1040
11,19.40871689,9.209445443710434,50,true,false,NORMAL_TERMINATE,1040
11,28.708293426,9.335373074003577,50,true,false,NORMAL_TERMINATE,1040
11,17.853078514,9.209443059998652,50,true,false,NORMAL_TERMINATE,1040
11,43.187849988,9.209446762719079,50,true,false,NORMAL_TERMINATE,1040
11,18.272731713,9.396253683030826,50,true,false,NORMAL_TERMINATE,1040
11,17.948062082,9.209441744703529,50,true,false,NORMAL_TERMINATE,1040
11,17.70565527,9.209443746183155,50,true,false,NORMAL_TERMINATE,1040
11,26.253619702,9.335374806504841,50,true,false,NORMAL_TERMINATE,1040
11,26.496362989,9.714732866311579,50,true,false,NORMAL_TERMINATE,1040
11,20.796786462,11.355955434665308,50,true,false,NORMAL_TERMINATE,1041
11,15.174845372,11.355925328383343,50,true,false,NORMAL_TERMINATE,1041
11,16.792531346,11.355925724346436,50,true,false,NORMAL_TERMINATE,1041
11,16.802223444,11.355925505453289,50,true,false,NORMAL_TERMINATE,1041
11,16.8387072,11.355925685405216,50,true,false,NORMAL_TERMINATE,1041
11,34.677910003,11.355926014663783,50,true,false,NORMAL_TERMINATE,1041
11,24.616821581,11.355925420190763,50,true,false,NORMAL_TERMINATE,1041
11,21.263765247,11.355925256157981,50,true,false,NORMAL_TERMINATE,1041
11,6.919106949,11.355940498570172,50,true,false,NORMAL_TERMINATE,1041
11,10.350784924,11.35592565399975,50,true,false,NORMAL_TERMINATE,1041
11,10.955699923,10.492742929063994,50,true,false,NORMAL_TERMINATE,1035
13,26.090442878,16.235964010804974,50,true,false,NORMAL_TERMINATE,1037
13,3.813629854,17.196468002241453,50,true,false,NORMAL_TERMINATE,1037
13,14.672538287,17.024611388693046,50,true,false,NORMAL_TERMINATE,1037
13,14.621963684,16.744432862687795,50,true,false,NORMAL_TERMINATE,1037
13,7.337860029,16.736932408611374,50,true,false,NORMAL_TERMINATE,1037
13,14.648157566,16.573568786086874,50,true,false,NORMAL_TERMINATE,1037
13,7.419995704,16.573575483713952,50,true,false,NORMAL_TERMINATE,1037
13,11.267444457,15.641018658136746,50,true,false,NORMAL_TERMINATE,1037
13,7.320897131,17.01191724669646,50,true,false,NORMAL_TERMINATE,1037
13,11.307472915,16.035006382797665,50,true,false,NORMAL_TERMINATE,1037
13,6.952183919,12.629782843096717,50,true,false,NORMAL_TERMINATE,1038
13,6.71365028,13.647477225257212,50,true,false,NORMAL_TERMINATE,1038
13,17.300388515,12.075833566366848,50,true,false,NORMAL_TERMINATE,1038
13,14.301239203,12.440036071651765,50,true,false,NORMAL_TERMINATE,1038
13,10.159852586,13.772141744793313,50,true,false,NORMAL_TERMINATE,1038
13,7.299836813,13.496973151104196,50,true,false,NORMAL_TERMINATE,1038
13,6.874966215,14.16504396334331,50,true,false,NORMAL_TERMINATE,1038
13,10.277329614,12.69559904594254,50,true,false,NORMAL_TERMINATE,1038
13,6.965903109,13.77759055554899,50,true,false,NORMAL_TERMINATE,1038
13,10.606227905,13.181220313425023,50,true,false,NORMAL_TERMINATE,1038
13,7.700718597,13.166669288384309,50,true,false,NORMAL_TERMINATE,1039
13,11.448249316,11.32371600032267,50,true,false,NORMAL_TERMINATE,1039
13,7.593225644,12.489069338164496,50,true,false,NORMAL_TERMINATE,1039
13,8.181101049,12.569101026618643,50,true,false,NORMAL_TERMINATE,1039
13,7.799293609,11.516702635253626,50,true,false,NORMAL_TERMINATE,1039
13,14.858589252,11.503951166421448,50,true,false,NORMAL_TERMINATE,1039
13,7.565107029,11.987829807261019,50,true,false,NORMAL_TERMINATE,1039
13,14.556896063,11.564164239557373,50,true,false,NORMAL_TERMINATE,1039
13,11.132061713,11.438665944089506,50,true,false,NORMAL_TERMINATE,1039
13,11.026275545,11.299108480960902,50,true,false,NORMAL_TERMINATE,1039
13,6.330384435,12.70792558346243,50,true,false,NORMAL_TERMINATE,1040
13,10.149936316,13.291677693029742,50,true,false,NORMAL_TERMINATE,1040
13,6.415071907,12.72595444014755,50,true,false,NORMAL_TERMINATE,1040
13,6.71069135,13.189792809327653,50,true,false,NORMAL_TERMINATE,1040
13,10.071185986,13.541814956264526,50,true,false,NORMAL_TERMINATE,1040
13,6.765665678,13.44347035727521,50,true,false,NORMAL_TERMINATE,1040
13,10.138399015,12.145930808340129,50,true,false,NORMAL_TERMINATE,1040
13,6.4996288,13.263319606057031,50,true,false,NORMAL_TERMINATE,1040
13,7.008453158,13.4106811447639,50,true,false,NORMAL_TERMINATE,1040
13,13.43997052,13.06541159841516,50,true,false,NORMAL_TERMINATE,1040
13,10.947383132,11.550629913939982,50,true,false,NORMAL_TERMINATE,1041
13,7.381722038,12.041120209824594,50,true,false,NORMAL_TERMINATE,1041
13,7.436157705,11.791314936451442,50,true,false,NORMAL_TERMINATE,1041
13,14.441234555,11.54645329938051,50,true,false,NORMAL_TERMINATE,1041
13,7.403161485,12.1204031029844,50,true,false,NORMAL_TERMINATE,1041
13,18.102881342,11.819070719670759,50,true,false,NORMAL_TERMINATE,1041
13,11.026030695,12.292194062198092,50,true,false,NORMAL_TERMINATE,1041
13,10.827251604,11.604512431641245,50,true,false,NORMAL_TERMINATE,1041
13,7.634992476,13.153321522947703,50,true,false,NORMAL_TERMINATE,1041
13,11.103926859,12.240422173644953,50,true,false,NORMAL_TERMINATE,1041
13,6.860426897,16.877958180819643,50,true,false,NORMAL_TERMINATE,1042
13,13.974287067,16.875173211552088,50,true,false,NORMAL_TERMINATE,1042
13,6.737123284,16.87517365604368,50,true,false,NORMAL_TERMINATE,1042
13,17.515605771,17.600406255153175,50,true,false,NORMAL_TERMINATE,1042
13,6.804884958,16.87517435865025,50,true,false,NORMAL_TERMINATE,1042
13,6.878593161,17.133227998245935,50,true,false,NORMAL_TERMINATE,1042
13,10.310752623,16.875203801855456,50,true,false,NORMAL_TERMINATE,1042
13,6.978901734,16.87517304347962,50,true,false,NORMAL_TERMINATE,1042
13,13.323164359,16.875173881300498,50,true,false,NORMAL_TERMINATE,1042
13,10.313426419,16.877977326143025,50,true,false,NORMAL_TERMINATE,1042
13,6.272454835,17.861174179405214,50,true,false,NORMAL_TERMINATE,1043
13,12.765342732,17.09300412399239,50,true,false,NORMAL_TERMINATE,1043
13,6.507954453,17.86194046769784,50,true,false,NORMAL_TERMINATE,1043
13,13.428700495,17.015349410590925,50,true,false,NORMAL_TERMINATE,1043
13,3.567583547,18.291007359062746,50,true,false,NORMAL_TERMINATE,1043
13,6.828482981,17.799434215806375,50,true,false,NORMAL_TERMINATE,1043
13,6.723550216,17.41478426625395,50,true,false,NORMAL_TERMINATE,1043
13,10.269940815,17.227833488780178,50,true,false,NORMAL_TERMINATE,1043
13,23.579806592,17.01535033381835,50,true,false,NORMAL_TERMINATE,1043
13,12.77048322,17.015349372704897,50,true,false,NORMAL_TERMINATE,1043
15,11.495465334,14.55981323525959,50,true,false,NORMAL_TERMINATE,1039
15,8.290859059,14.559812237538925,50,true,false,NORMAL_TERMINATE,1039
15,8.211089878,14.828419906026678,50,true,false,NORMAL_TERMINATE,1039
15,8.277849823,14.559813193722277,50,true,false,NORMAL_TERMINATE,1039
15,11.706628193,14.559813040526645,50,true,false,NORMAL_TERMINATE,1039
15,20.144341107,14.756576540945662,50,true,false,NORMAL_TERMINATE,1039
15,12.122023311,14.559814451014976,50,true,false,NORMAL_TERMINATE,1039
15,16.708958474,14.559813026990263,50,true,false,NORMAL_TERMINATE,1039
15,8.203783657,14.78110604331405,50,true,false,NORMAL_TERMINATE,1039
15,12.044817382,14.626138468102994,50,true,false,NORMAL_TERMINATE,1039
15,17.194443106,17.027694214834845,50,true,false,NORMAL_TERMINATE,1040
15,12.215135487,17.010914049000753,50,true,false,NORMAL_TERMINATE,1040
15,8.33340012,17.010913163745414,50,true,false,NORMAL_TERMINATE,1040
15,7.921456854,17.010916465832004,50,true,false,NORMAL_TERMINATE,1040
15,8.200986811,17.04290634568123,50,true,false,NORMAL_TERMINATE,1040
15,8.274889265,17.029166659021175,50,true,false,NORMAL_TERMINATE,1040
15,16.681428855,17.01091433575595,50,true,false,NORMAL_TERMINATE,1040
15,16.112225273,17.010914624537588,50,true,false,NORMAL_TERMINATE,1040
15,8.317662411,17.214433796459634,50,true,false,NORMAL_TERMINATE,1040
15,12.867677284,17.01091449259902,50,true,false,NORMAL_TERMINATE,1040
15,8.468926359,12.188099581017735,50,true,false,NORMAL_TERMINATE,1041
15,12.586956149,12.072229892621229,50,true,false,NORMAL_TERMINATE,1041
15,12.760781918,11.808479502588106,50,true,false,NORMAL_TERMINATE,1041
15,12.238331374,12.76037144283416,50,true,false,NORMAL_TERMINATE,1041
15,8.318669623,11.832551104747381,50,true,false,NORMAL_TERMINATE,1041
15,16.360795545,11.808479631178312,50,true,false,NORMAL_TERMINATE,1041
15,17.100281024,11.808479285623807,50,true,false,NORMAL_TERMINATE,1041
15,17.273601895,11.986482810550314,50,true,false,NORMAL_TERMINATE,1041
15,17.450979087,11.808480408565462,50,true,false,NORMAL_TERMINATE,1041
15,12.543588344,11.808479510860579,50,true,false,NORMAL_TERMINATE,1041
15,8.191195693,12.918170963164119,50,true,false,NORMAL_TERMINATE,1042
15,16.365028646,12.696525976337906,50,true,false,NORMAL_TERMINATE,1042
15,8.296780616,11.263531036423617,50,true,false,NORMAL_TERMINATE,1042
15,8.349630927,11.010720170691148,50,true,false,NORMAL_TERMINATE,1042
15,8.281589146,11.204291651222386,50,true,false,NORMAL_TERMINATE,1042
15,8.379692091,10.47441113314654,50,true,false,NORMAL_TERMINATE,1042
15,8.514753908,10.46795078169857,50,true,false,NORMAL_TERMINATE,1042
15,16.578283795,11.546341216515676,50,true,false,NORMAL_TERMINATE,1042
15,13.106527869,11.47042081166845,50,true,false,NORMAL_TERMINATE,1042
15,12.476679397,12.378603898957145,50,true,false,NORMAL_TERMINATE,1042
15,12.320327126,10.374464144671387,50,true,false,NORMAL_TERMINATE,1043
15,13.444326319,10.879216580721337,50,true,false,NORMAL_TERMINATE,1043
15,12.466990044,11.157466197377866,50,true,false,NORMAL_TERMINATE,1043
15,12.43098335,10.640206411391475,50,true,false,NORMAL_TERMINATE,1043
15,8.044354138,11.56333972505038,50,true,false,NORMAL_TERMINATE,1043
15,8.755179928,12.371452468411706,50,true,false,NORMAL_TERMINATE,1043
15,12.120168219,11.578724239020314,50,true,false,NORMAL_TERMINATE,1043
15,12.984956704,11.634659038195263,50,true,false,NORMAL_TERMINATE,1043
15,7.888282165,13.174057484775663,50,true,false,NORMAL_TERMINATE,1043
15,11.77757853,11.137333693219677,50,true,false,NORMAL_TERMINATE,1043
15,8.714291106,13.307320123357911,50,true,false,NORMAL_TERMINATE,1044
15,12.327159121,14.146475463930877,50,true,false,NORMAL_TERMINATE,1044
15,8.663792724,13.369359176285483,50,true,false,NORMAL_TERMINATE,1044
15,8.140438723,13.448714434496056,50,true,false,NORMAL_TERMINATE,1044
15,12.842580813,14.377468659507585,50,true,false,NORMAL_TERMINATE,1044
15,8.965845584,14.364462510549469,50,true,false,NORMAL_TERMINATE,1044
15,8.38635531,13.280204882407464,50,true,false,NORMAL_TERMINATE,1044
15,17.109139754,13.904922981347116,50,true,false,NORMAL_TERMINATE,1044
15,12.655009715,13.525641164320339,50,true,false,NORMAL_TERMINATE,1044
15,23.125169201,13.902149246632423,50,true,false,NORMAL_TERMINATE,1044
15,16.692897743,15.471259369588804,50,true,false,NORMAL_TERMINATE,1045
15,8.161200932,15.336991321260822,50,true,false,NORMAL_TERMINATE,1045
15,13.028056465,16.092130379388095,50,true,false,NORMAL_TERMINATE,1045
15,17.534615408,15.751904082861897,50,true,false,NORMAL_TERMINATE,1045
15,22.143794181,15.751260797414655,50,true,false,NORMAL_TERMINATE,1045
15,14.172450465,16.96766701074271,50,true,false,NORMAL_TERMINATE,1045
15,8.684801112,16.6227663941163,50,true,false,NORMAL_TERMINATE,1045
15,4.219667216,15.752040562041305,50,true,false,NORMAL_TERMINATE,1045
15,8.472319252,15.222779678153724,50,true,false,NORMAL_TERMINATE,1045
15,13.185946165,15.949475294818193,50,true,false,NORMAL_TERMINATE,1045
17,14.761775736,11.944775540385445,50,true,false,NORMAL_TERMINATE,1041
17,22.419245988,11.083669020380334,50,true,false,NORMAL_TERMINATE,1041
17,16.850709553,13.086321076472894,50,true,false,NORMAL_TERMINATE,1041
17,13.064258607,11.98384109159528,50,true,false,NORMAL_TERMINATE,1041
17,8.822148814,11.57875017641669,50,true,false,NORMAL_TERMINATE,1041
17,22.955471754,13.053902862696363,50,true,false,NORMAL_TERMINATE,1041
17,17.859737201,11.89972426134008,50,true,false,NORMAL_TERMINATE,1041
17,18.577012114,12.31221793042641,50,true,false,NORMAL_TERMINATE,1041
17,13.765191952,13.880123396004766,50,true,false,NORMAL_TERMINATE,1041
17,8.65979289,12.600887039292942,50,true,false,NORMAL_TERMINATE,1041
17,10.070831799,21.476704866733304,50,true,false,NORMAL_TERMINATE,1042
17,14.505450001,21.01563214683238,50,true,false,NORMAL_TERMINATE,1042
17,10.080550769,20.8530726025936,50,true,false,NORMAL_TERMINATE,1042
17,9.512614519,20.479035608865665,50,true,false,NORMAL_TERMINATE,1042
17,24.337010676,21.122833848070748,50,true,false,NORMAL_TERMINATE,1042
17,38.210964558,20.479035676676748,50,true,false,NORMAL_TERMINATE,1042
17,10.60922632,20.4798468353313,50,true,false,NORMAL_TERMINATE,1042
17,16.33013808,21.13296065589413,50,true,false,NORMAL_TERMINATE,1042
17,10.095512802,20.479038846798243,50,true,false,NORMAL_TERMINATE,1042
17,15.698967281,21.33189627855709,50,true,false,NORMAL_TERMINATE,1042
17,9.581516177,17.939786341488542,50,true,false,NORMAL_TERMINATE,1043
17,9.189263683,16.054763724425857,50,true,false,NORMAL_TERMINATE,1043
17,13.716550156,16.18507517728034,50,true,false,NORMAL_TERMINATE,1043
17,19.838699999,16.183930068006283,50,true,false,NORMAL_TERMINATE,1043
17,14.459720392,17.003953635741315,50,true,false,NORMAL_TERMINATE,1043
17,25.31068914,16.179098629407672,50,true,false,NORMAL_TERMINATE,1043
17,20.733613235,15.600664266715226,50,true,false,NORMAL_TERMINATE,1043
17,9.806240608,16.332241307527966,50,true,false,NORMAL_TERMINATE,1043
17,14.449832987,17.789011244214215,50,true,false,NORMAL_TERMINATE,1043
17,14.837138782,15.42743173046146,50,true,false,NORMAL_TERMINATE,1043
17,20.047822353,15.91132143903261,50,true,false,NORMAL_TERMINATE,1044
17,20.151874657,16.182393893525987,50,true,false,NORMAL_TERMINATE,1044
17,9.868224143,16.02661344651625,50,true,false,NORMAL_TERMINATE,1044
17,9.810877199,15.667454143383535,50,true,false,NORMAL_TERMINATE,1044
17,14.843927355,18.060435304752325,50,true,false,NORMAL_TERMINATE,1044
17,9.820273954,17.211063894180633,50,true,false,NORMAL_TERMINATE,1044
17,15.208263665,16.415598281408016,50,true,false,NORMAL_TERMINATE,1044
17,14.966389133,17.276243582621866,50,true,false,NORMAL_TERMINATE,1044
17,15.606182176,16.894685508902736,50,true,false,NORMAL_TERMINATE,1044
17,21.350593429,15.667438694899909,50,true,false,NORMAL_TERMINATE,1044
17,19.510721049,20.41704588967941,50,true,false,NORMAL_TERMINATE,1045
17,8.704382187,22.37184445589192,50,true,false,NORMAL_TERMINATE,1045
17,19.585429893,20.83057797477163,50,true,false,NORMAL_TERMINATE,1045
17,19.478241473,20.442013029435756,50,true,false,NORMAL_TERMINATE,1045
17,13.886262848,20.96723920534322,50,true,false,NORMAL_TERMINATE,1045
17,14.468548194,20.71837921721579,50,true,false,NORMAL_TERMINATE,1045
17,9.764911747,21.237119307322708,50,true,false,NORMAL_TERMINATE,1045
17,14.365096644,21.21688330458722,50,true,false,NORMAL_TERMINATE,1045
17,20.011614568,20.41076060242281,50,true,false,NORMAL_TERMINATE,1045
17,10.266517159,22.443998906532308,50,true,false,NORMAL_TERMINATE,1045
17,14.173476673,19.30866114166632,50,true,false,NORMAL_TERMINATE,1046
17,14.091964217,19.163975398102096,50,true,false,NORMAL_TERMINATE,1046
17,25.511220924,18.33984945068559,50,true,false,NORMAL_TERMINATE,1046
17,19.984672784,19.737796142450577,50,true,false,NORMAL_TERMINATE,1046
17,9.725674423,18.30082780449215,50,true,false,NORMAL_TERMINATE,1046
17,15.162447919,18.300827477963455,50,true,false,NORMAL_TERMINATE,1046
17,10.468795946,20.752354602592813,50,true,false,NORMAL_TERMINATE,1046
17,9.425486689,19.378732630563388,50,true,false,NORMAL_TERMINATE,1046
17,14.860284503,20.579909326489357,50,true,false,NORMAL_TERMINATE,1046
17,26.099417825,19.44611150242469,50,true,false,NORMAL_TERMINATE,1046
17,9.717272295,15.274831950367496,50,true,false,NORMAL_TERMINATE,1047
17,18.74029631,14.176442077927474,50,true,false,NORMAL_TERMINATE,1047
17,18.202961872,13.72502633952422,50,true,false,NORMAL_TERMINATE,1047
17,8.701527938,14.584219969865746,50,true,false,NORMAL_TERMINATE,1047
17,9.864324433,16.58425096618099,50,true,false,NORMAL_TERMINATE,1047
17,4.593528,16.12644387677125,50,true,false,NORMAL_TERMINATE,1047
17,23.409601139,13.87202276703795,50,true,false,NORMAL_TERMINATE,1047
17,8.824934069,13.604677186656442,50,true,false,NORMAL_TERMINATE,1047
17,20.332619966,15.034021298478585,50,true,false,NORMAL_TERMINATE,1047
17,10.757406819,14.963458380406491,50,true,false,NORMAL_TERMINATE,1047
30,17.290796958,26.186763383867934,50,true,false,NORMAL_TERMINATE,1054
30,40.15071605,25.48283372717722,50,true,false,NORMAL_TERMINATE,1054
30,24.10972269,25.38760709768865,50,true,false,NORMAL_TERMINATE,1054
30,25.260048333,23.441352556708296,50,true,false,NORMAL_TERMINATE,1054
30,25.635785924,28.44744969670616,50,true,false,NORMAL_TERMINATE,1054
30,34.634259951,24.31558149976774,50,true,false,NORMAL_TERMINATE,1054
30,38.502005872,30.212024004574232,50,true,false,NORMAL_TERMINATE,1054
30,180.468721071,22.27266213091834,150,true,false,NORMAL_TERMINATE,1054
30,125.614706371,26.004116694706916,150,true,false,NORMAL_TERMINATE,1054
30,30.781551748,22.25174505970292,50,true,false,NORMAL_TERMINATE,1055
30,15.78066487,20.068001206067017,50,true,false,NORMAL_TERMINATE,1055
30,37.304296944,17.973636769027166,50,true,false,NORMAL_TERMINATE,1055
30,15.760435163,18.68982810547827,50,true,false,NORMAL_TERMINATE,1055
30,7.906287682,26.030461300267536,50,true,false,NORMAL_TERMINATE,1055
30,50.041681406,32.011695137175025,50,true,false,NORMAL_TERMINATE,1056
30,29.678451776,34.2305085661518,50,true,false,NORMAL_TERMINATE,1056
30,159.493896872,33.48361634028377,50,true,false,NORMAL_TERMINATE,1056
30,60.081576562,34.889911908542295,50,true,false,NORMAL_TERMINATE,1056
30,157.987777669,34.11759590000101,50,true,false,NORMAL_TERMINATE,1056
30,74.028162233,33.93183553458625,50,true,false,NORMAL_TERMINATE,1057
30,39.600460312,33.04178512661017,50,true,false,NORMAL_TERMINATE,1057
30,90.951043454,34.35623997427625,50,true,false,NORMAL_TERMINATE,1057
30,18.403745658,35.17582705579724,50,true,false,NORMAL_TERMINATE,1057
30,55.169121005,35.15101883748396,50,true,false,NORMAL_TERMINATE,1057
30,120.519304496,34.71744538783662,50,true,false,NORMAL_TERMINATE,1058
30,37.695484761,36.22961363067747,50,true,false,NORMAL_TERMINATE,1058
30,34.764757367,36.478915709264626,50,true,false,NORMAL_TERMINATE,1058
30,283.576409895,37.4695559139079,50,true,false,NORMAL_TERMINATE,1058
30,172.70125514,37.83723118645088,50,true,false,NORMAL_TERMINATE,1058
30,21.950852892,31.47563868476689,50,true,false,NORMAL_TERMINATE,1059
30,15.098770653,32.06457162409095,50,true,false,NORMAL_TERMINATE,1059
30,37.608531232,30.651225011832835,50,true,false,NORMAL_TERMINATE,1059
30,15.569059911,33.19804785353705,50,true,false,NORMAL_TERMINATE,1059
30,15.796179166,33.07294330478632,50,true,false,NORMAL_TERMINATE,1059
30,21.912913753,33.35442853603114,50,true,false,NORMAL_TERMINATE,1060
30,31.32792496,28.411212893593977,50,true,false,NORMAL_TERMINATE,1060
30,16.3111707,31.692150207273336,50,true,false,NORMAL_TERMINATE,1060
30,41.986752842,27.663497707829357,50,true,false,NORMAL_TERMINATE,1060
30,15.646750804,30.16430472256377,50,true,false,NORMAL_TERMINATE,1060
70,632.751418913,500,100,true,true,TIME_LIMIT,1095
70,613.466303895,500,100,true,true,TIME_LIMIT,1095
70,617.469794114,500,100,true,true,TIME_LIMIT,1095
70,600.389202221,500,100,true,true,TIME_LIMIT,1095
70,618.132092087,500,100,true,true,TIME_LIMIT,1095
70,604.349024419,500,100,true,true,TIME_LIMIT,1096
70,616.105799428,500,100,true,true,TIME_LIMIT,1096
70,633.826234475,500,100,true,true,TIME_LIMIT,1096
70,623.786621637,500,100,true,true,TIME_LIMIT,1096
70,619.30566842,500,100,true,true,TIME_LIMIT,1096
